{
	"id": "v2-api-environment-001",
	"name": "ScrapMate V2 API - Development",
	"values": [
		{
			"key": "base_url",
			"value": "https://6dc2e7973f38.ngrok-free.app",
			"type": "default",
			"enabled": true
		},
		{
			"key": "api_key",
			"value": "",
			"type": "secret",
			"enabled": true,
			"description": "API Key for v2 routes authentication"
		},
		{
			"key": "auth_token",
			"value": "",
			"type": "secret",
			"enabled": true,
			"description": "JWT token from verify-otp endpoint"
		},
		{
			"key": "user_id",
			"value": "",
			"type": "default",
			"enabled": true,
			"description": "User ID from login response"
		},
		{
			"key": "phone_number",
			"value": "9876543210",
			"type": "default",
			"enabled": true,
			"description": "Test phone number"
		},
		{
			"key": "otp",
			"value": "",
			"type": "default",
			"enabled": true,
			"description": "OTP received from login endpoint"
		}
	],
	"_postman_variable_scope": "environment"
}

